<?xml version="1.0"?>
<!DOCTYPE package-info SYSTEM "http://www.simplemachines.org/xml/package-info">
<package-info xmlns="http://www.simplemachines.org/xml/package-info" xmlns:smf="http://www.simplemachines.org/">
	<id>Bugo:Highlighting</id>
	<name>Code Highlighting</name>
	<version>0.9.1.1</version>
	<type>modification</type>
	
	<install for="2.0 - 2.0.99">
		<readme parsebbc="true" lang="russian-utf8">readme/russian-utf8.txt</readme>
		<readme parsebbc="true" lang="russian">readme/russian.txt</readme>
		<readme parsebbc="true">readme/readme.txt</readme>
		<require-dir name="default/scripts" destination="$themedir" />
		<require-dir name="default/css" destination="$themedir" />
		<require-dir name="default/languages" destination="$themedir" />
		<require-file name="core/Subs-Highlight.php" destination="$sourcedir" />
		<code>hooks.php</code>
		<redirect url="?action=admin;area=modsettings;sa=highlight" timeout="1000" />
	</install>
	
	<uninstall for="2.0 - 2.0.99">
		<code>hooks.php</code>
		<remove-file name="$sourcedir/Subs-Highlight.php" />
		<remove-file name="$languagedir/Highlight.english.php" />
		<remove-file name="$languagedir/Highlight.russian.php" />
		<remove-file name="$languagedir/Highlight.russian-utf8.php" />
		<remove-file name="$languagedir/Highlight.portuguese_pt.php" />
		<remove-file name="$languagedir/Highlight.portuguese_pt-utf8.php" />
		<remove-file name="$themedir/scripts/highlight.pack.js" />
		<remove-dir name="$themedir/css/highlight" />
		<redirect url="?action=admin;area=packages;sa=browse" timeout="1000" />
	</uninstall>
	
</package-info>