<?xml version="1.0"?>
<!DOCTYPE package-info SYSTEM "http://www.simplemachines.org/xml/package-info">
<package-info xmlns="http://www.simplemachines.org/xml/package-info" xmlns:smf="http://www.simplemachines.org/">
	<id>JB:IOB</id>
	<name>Images On Board</name>
	<version>2.1</version>
	<type>modification</type>

<!-- SMF 1.1.x install -->
	<install for="1.1 - 1.1.99">
		<readme type="file" parsebbc="true">readme.txt</readme>
		<code>ImagesOnBoardDB115.php</code>
		<modification>install-1.x.xml</modification>
		<require-dir name="ImagesOnBoard" destination="$imagesdir" />
		<require-file name="iobuploads.gif" destination="$imagesdir" />
		<require-file name="iobuploads.template.php" destination="$themedir" />
		<require-file name="iobuploads.php" destination="$sourcedir" />
	</install>

<!-- SMF 1.1.x uninstall -->
	<uninstall for="1.1 - 1.1.99">
		<modification reverse="true">install-1.x.xml</modification>
		<remove-dir name="$imagesdir/ImagesOnBoard" />
		<remove-file name="$imagesdir/iobuploads.gif" />
		<remove-file name="$themedir/iobuploads.template.php" />
		<remove-file name="$sourcedir/iobuploads.php" />
	</uninstall>	

<!-- SMF 2.0 Beta 4 Public install -->
	<install for="2.0 - 2.99.99">
		<readme type="file" parsebbc="true">readme.txt</readme>
		<code>img_link2b.php</code>
		<code>img_filename2b.php</code>
		<modification>install-2.x.xml</modification>
		<require-dir name="ImagesOnBoard" destination="$imagesdir" />
		<require-file name="iobuploads.gif" destination="$imagesdir" />
		<require-file name="iobuploads.template.php" destination="$themedir" />
		<require-file name="iobuploads.php" destination="$sourcedir" />
	</install>
	
<!-- SMF 2.0 Beta 4 Public uninstall -->
	<uninstall for="2.0 - 2.99.99">
		<modification reverse="true">install-2.x.xml</modification>
		<remove-dir name="$imagesdir/ImagesOnBoard" />
		<remove-file name="$imagesdir/iobuploads.gif" />
		<remove-file name="$themedir/iobuploads.template.php" />
		<remove-file name="$sourcedir/iobuploads.php" />
	</uninstall>

</package-info>