<?xml version="1.0"?>
<!DOCTYPE modification SYSTEM "http://www.simplemachines.org/xml/modification">

<modification xmlns="http://www.simplemachines.org/xml/modification" xmlns:smf="http://www.simplemachines.org/">
	<id>AJCollins:group-color-in-posts-and-profile</id>
	<version>1.4</version>
	
	<file name="$themedir/Display.template.php">
	
		<operation>
			<search position="replace"><![CDATA[if (!empty($message['member']['group']))
			echo '
								<li class="membergroup">', $message['member']['group'], '</li>';
]]></search>
			<add><![CDATA[if (!empty($message['member']['group']) && !$message['member']['is_guest'])
			echo '
								<li style="font-weight: bold; color: ',$message['member']['group_color'], ';">', $message['member']['group'], '</li>';
        
		// Show that the member is a guest.
		if ($message['member']['is_guest'])
			echo '
								<li style="font-weight: bold;">', $message['member']['group'], '</li>';		
]]></add>
	</operation>
	
			<operation>
			<search position="replace"><![CDATA[if ((empty($settings['hide_post_group']) || $message['member']['group'] == '') && $message['member']['post_group'] != '')
				echo '
								<li class="postgroup">', $message['member']['post_group'], '</li>';
]]></search>
			<add><![CDATA[if ((empty($settings['hide_post_group']) || $message['member']['group'] == '') && $message['member']['post_group'] != '')
				echo '
								<li style="color: ',$message['member']['post_group_color'], ';">', $message['member']['post_group'], '</li>';	
]]></add>
	</operation>
	</file>
	
	<file name="$themedir/Profile.template.php">
	
		<operation>
			<search position="replace"><![CDATA[// Display the basic information about the user
]]></search>
			<add><![CDATA[// Display the basic information about the user
	if ($context['member']['group_color'] == '')
	    {
		  $groupnamecolor = $context['member']['post_group_color'];
		}
		 else {
		  $groupnamecolor = $context['member']['group_color'];
		 }
]]></add>
	</operation>
	
	<operation>
			<search position="replace"><![CDATA[<div class="username"><h4>', $context['member']['name'], ' <span class="position">', (!empty($context['member']['group']) ? $context['member']['group'] : $context['member']['post_group']), '</span></h4></div>
]]></search>
			<add><![CDATA[<div class="username"><h4>', $context['member']['name'], ' <span class="position"><li style="color: ',$groupnamecolor, '; font-weight: bold;">', (!empty($context['member']['group']) ? $context['member']['group'] : $context['member']['post_group']), '</li></span></h4></div>
]]></add>
	</operation>
	

	</file>
	
</modification>