<?xml version="1.0"?>
<!DOCTYPE package-info SYSTEM "http://www.simplemachines.org/xml/package-info">

<package-info xmlns="http://www.simplemachines.org/xml/package-info" xmlns:smf="http://www.simplemachines.org/">
	<id>AJCollins:group-color-in-posts-and-profile</id>
	<name>Group Color in Posts and Profile</name>
	<version>1.4</version>
	<homepage>http://gzwn.net/</homepage>
	<type>modification</type>
	<install for="2.0 - 2.99.99">
		<readme type="file" parsebbc="true">readme.txt</readme>
		<modification>modification.xml</modification>
	</install>
	<uninstall for="2.0 - 2.99.99">
		<modification reverse="true">modification.xml</modification>
	</uninstall>
</package-info>