<?xml version="1.0"?>
<!DOCTYPE package-info SYSTEM "http://www.simplemachines.org/xml/package-info">
<package-info xmlns="http://www.simplemachines.org/xml/package-info" xmlns:smf="http://www.simplemachines.org/">

	<id>sid2varun:default_avatar</id>
	<name>Default Avatar</name>
	<version>2.2</version>
	<type>modification</type>

	<install for="2.0 - 2.0.99">
		<readme parsebbc="true">readme.txt</readme>
		<modification>modification.xml</modification>
		<require-file name="default_avatar.png" destination="$imagesdir" />
		<redirect url="?action=admin;area=modsettings" type="inline">Please stand by while you are being redirected to this modification's configuration settings.</redirect>
	</install>

	<uninstall for="2.0 - 2.0.99">
		<modification reverse="true">modification.xml</modification>
		<remove-file name="$imagesdir/default_avatar.png" />
		<redirect url="$scripturl?action=admin;area=packages;sa=browse" timeout="1000" />
	</uninstall>

</package-info>