﻿<?xml version="1.0"?>
<!DOCTYPE modification SYSTEM "http://www.simplemachines.org/xml/modification">
<modification xmlns="http://www.simplemachines.org/xml/modification" xmlns:smf="http://www.simplemachines.org/">
	<name>Spoiler BBCode</name>
	<id>Enerzy:spoilerbbcode</id>
	<version>1.1.3</version>
	<homepage>http://www.himsi-ubm.com/</homepage>
	<file name="$sourcedir/Subs.php">
		<operation>
			<search position="before"><![CDATA[			array(
				'tag' => 'white',
				'before' => '<span style="color: white;" class="bbc_color">',
				'after' => '</span>',
			),
]]></search>
			<add><![CDATA[
			array(
				'tag' => 'spoiler',
				'before' => '<div style="margin:20px; margin-top:5px"><div class="smallfont" style="margin-bottom:2px"><b>' . $txt['spoiler'] . '</b> ' . $txt['spoiler_for'] . ' <i>' . $txt['spoiler_default_for'] . '</i>: <input type="button" value="' . $txt['spoiler_show_button'] . '" style="width:60px;font-size:10px;margin:0px;padding:0px;" onClick="if (this.parentNode.parentNode.getElementsByTagName(' . "'div'" . ')[1].getElementsByTagName(' . "'div'" . ')[0].style.display != ' . "''" . ') { this.parentNode.parentNode.getElementsByTagName(' . "'div'" . ')[1].getElementsByTagName(' . "'div'" . ')[0].style.display = ' . "''" . ';        this.innerText = ' . "''" . '; this.value = ' . "'$txt[spoiler_hide_button]'" . '; } else { this.parentNode.parentNode.getElementsByTagName(' . "'div'" . ')[1].getElementsByTagName(' . "'div'" . ')[0].style.display = ' . "'none'" . '; this.innerText = ' . "''" . '; this.value = ' . "'$txt[spoiler_show_button]'" . '; }"></div><div class="alt2" style="margin: 0px; padding: 6px; border: 1px inset;"><div style="display: none;">',
				'after' => '</div></div></div>',
				'block_level' => true,
            ),
			array(
				'tag' => 'spoiler',
				'type' => 'unparsed_equals',
				'before' => '<div style="margin:20px; margin-top:5px"><div class="smallfont" style="margin-bottom:2px"><b>' . $txt['spoiler'] . '</b> ' . $txt['spoiler_for'] .' <i>$1</i>: <input type="button" value="' . $txt['spoiler_show_button'] . '" style="width:60px;font-size:10px;margin:0px;padding:0px;" onClick="if (this.parentNode.parentNode.getElementsByTagName(' . "'div'" . ')[1].getElementsByTagName(' . "'div'" . ')[0].style.display != ' . "''" . ') { this.parentNode.parentNode.getElementsByTagName(' . "'div'" . ')[1].getElementsByTagName(' . "'div'" . ')[0].style.display = ' . "''" . ';        this.innerText = ' . "''" . '; this.value = ' . "'$txt[spoiler_hide_button]'" . '; } else { this.parentNode.parentNode.getElementsByTagName(' . "'div'" . ')[1].getElementsByTagName(' . "'div'" . ')[0].style.display = ' . "'none'" . '; this.innerText = ' . "''" . '; this.value = ' . "'$txt[spoiler_show_button]'" . '; }"></div><div class="alt2" style="margin: 0px; padding: 6px; border: 1px inset;"><div style="display: none;">',
				'after' => '</div></div></div>',
				'block_level' => true,
            ),
]]></add>
		</operation>
	<operation>
		<search position="before"><![CDATA[		$disabled['email'] = true;
		$disabled['flash'] = true;]]></search>
		<add><![CDATA[
		// Disable spoiler if on 'printer friendly page'
		$disabled['spoiler'] = true;
]]></add>
	</operation>
</file>

<file name="$sourcedir/Subs-Editor.php">
	<operation>
		<search position="before"><![CDATA[			array(
				'image' => 'flash',
				'code' => 'flash',
				'before' => '[flash=200,200]',
				'after' => '[/flash]',
				'description' => $txt['flash']
			),]]></search>
		<add><![CDATA[array(
				'image' => 'spoiler',
				'code' => 'spoiler',
				'before' => '[spoiler]',
				'after' => '[/spoiler]',
				'description' => $txt['spoiler']
			),]]></add>
	</operation>
</file>

<file name="$themedir/css/index.css">
	<operation>
		<search position="after"><![CDATA[a:link]]></search>
		<add><![CDATA[.alt2
{
background: #E1E4F2;
color: #000000;
}
.button
{
font: 11px verdana, geneva, lucida, 'lucida grande', arial, helvetica, sans-serif;
}
.smallfont
{
font: 11px verdana, geneva, lucida, 'lucida grande', arial, helvetica, sans-serif;
}
]]></add>
	</operation>
</file>

</modification>