﻿<?xml version="1.0"?>
<!DOCTYPE modification SYSTEM "http://www.simplemachines.org/xml/modification">
<modification xmlns="http://www.simplemachines.org/xml/modification" xmlns:smf="http://www.simplemachines.org/">
	<name>Spoiler BBCode</name>
	<id>Enerzy:spoilerbbcode</id>
	<version>1.1.3</version>
	<homepage>http://www.himsi-ubm.com/</homepage>
	
<file name="$languagedir/Modifications.english.php">
	<operation>
		<search position="end" />
			<add><![CDATA[
$txt['spoiler'] = 'Spoiler';
$txt['spoiler_default_for'] = 'Hiden';
$txt['spoiler_for'] = 'for';
$txt['spoiler_hide_button'] = 'Hide';
$txt['spoiler_show_button'] = 'Show';
]]></add>
	</operation>
</file>
<file name="$languagedir/Modifications.english-utf8.php" error="skip">
	<operation>
		<search position="end" />
			<add><![CDATA[
$txt['spoiler'] = 'Spoiler';
$txt['spoiler_default_for'] = 'Hiden';
$txt['spoiler_for'] = 'for';
$txt['spoiler_hide_button'] = 'Hide';
$txt['spoiler_show_button'] = 'Show';
]]></add>
	</operation>
</file>
<file name="$languagedir/Modifications.english_british.php" error="skip">
	<operation>
		<search position="end" />
			<add><![CDATA[
$txt['spoiler'] = 'Spoiler';
$txt['spoiler_default_for'] = 'Hiden';
$txt['spoiler_for'] = 'for';
$txt['spoiler_hide_button'] = 'Hide';
$txt['spoiler_show_button'] = 'Show';
]]></add>
	</operation>
</file>
<file name="$languagedir/Modifications.english_british-utf8.php" error="skip">
	<operation>
		<search position="end" />
			<add><![CDATA[
$txt['spoiler'] = 'Spoiler';
$txt['spoiler_default_for'] = 'Hiden';
$txt['spoiler_for'] = 'for';
$txt['spoiler_hide_button'] = 'Hide';
$txt['spoiler_show_button'] = 'Show';
]]></add>
	</operation>
</file>
</modification>